Business,Rev Mean,Rev Median,Rev Std,Rev Min,Rev Max,GDP Mean,GDP Median,GDP Std
biz A,123.3093875,121.5275,24.87616781922113,76.1611,193.1835,7.5,7.5,1.458504932566796
biz B,202.8362902777778,203.48495,40.47364670452845,98.0398,305.8108,7.5,7.5,1.458504932566796
biz C,162.5123180555555,163.8143,33.15294773343117,91.4962,230.0154,7.5,7.5,1.458504932566796
biz D,144.2526673611111,144.0683,27.61646016240163,77.5919,198.2995,7.5,7.5,1.458504932566796
biz E,81.18505069444444,81.49105,17.00321542947444,42.8509,141.9853,7.5,7.5,1.458504932566796
