Business,const,Unemployment_rate,sigma2
Business X,10312529.14570721,20534686.79124541,79432231740891.39
Business Y,25375670.32978033,23397505.08661355,196774386679763.5
Business Z,19855488.48404604,14322634.63158368,150583761905913.7
