GDP,ar.L1,ma.L1,sigma2,Business
17.235981739636944,-0.03153560857435782,-0.9997766684445207,1713.1824873203345,biz A
28.793005793314034,-0.06748419735602977,-0.9984406147067073,5045.9429843657745,biz B
21.702753705531386,-0.02395719917786099,-0.9995906005251304,3749.036068476888,biz C
17.15664991729047,-0.11940064641108088,-0.9998107561748251,2205.560021741042,biz D
9.92867991466327,0.025079681577514158,-0.9602723894054639,507.76837120351576,biz E
